CUSTOMER,Pin-pkg,Prod_ID,Bond ID,TA/TB,entity,Lot amount,,
A-DATA,STBGA252C4V,252X2GJ006,AGJ252X20003A,TB-I,BBA03,1,,4
A-DATA,STBGA252C4V,252X2GJ006,AGJ252X20003A,TB-I,BBA15,1,,
A-DATA,STBGA252C4V,252X2GJ006,AGJ252X20003A,TB-I,BBA28,1,,
A-DATA,STBGA252C4V,252X2GJ006,AGJ252X20003A,TB-I,BBA31,1,,
A-DATA,STBGA252C4V,252X2GJ006,AGJ252X20003A,TB-IP,BBS06,1,,1
AKM,QFN-36AB1,036ABBW009,ABW036AB1004A,TB-B,BBF61,4,,1
AP Memory,DFN-08YM2G,008YMQW005,AQW008YM2003A,TB-I,BBA19,4,,2
AP Memory,DFN-08YM2G,008YMQW005,AQW008YM2003A,TB-I,BBA22,4,,
AP Memory,DFN-08YM2G,008YMQW005,AQW008YM2003A,TB-P,BBD03,3,,4
AP Memory,DFN-08YM2G,008YMQW005,AQW008YM2003A,TB-P,BBD13,4,,
AP Memory,DFN-08YM2G,008YMQW005,AQW008YM2003A,TB-P,BBD14,3,,
AP Memory,DFN-08YM2G,008YMQW005,AQW008YM2003A,TB-P,BBD52,2,,
AP Memory,DFN-08YM2G,008YMQW005,AQW008YM2003A,TB-R,BBR08,2,,
AP Memory,DFN-08YM2G,008YMQW005,AQW008YM2003A,TB-R,BBR21,3,,
AP Memory,DFN-08YM2G,008YMQW005,AQW008YM2003A,TB-R,BBR35,2,,
AP Memory,DFN-08YM2G,008YMQW005,AQW008YM2003A,TB-R,BBR37,2,,
AP Memory,DFN-08YM2G,008YMQW005,AQW008YM2003A,TB-U,BB824,4,,
AP Memory,DFN-08YM2G,008YMQW005,AQW008YM2003A,TB-U,BB834,4,,
AP Memory,DFN-08YM2G,008YMQW005,AQW008YM2003A,TB-U,BB835,2,,
AP Memory,DFN-08YM2G,008YMQW005,AQW008YM2003A,TB-U,BB836,2,,
AP Memory,DFN-08YM2G,008YMQW005,AQW008YM2003A,TB-U,BB837,3,,
AP Memory,DFN-08YM2G,008YMQW005,AQW008YM2003A,TB-U,BB848,3,,
AP Memory,DFN-08YM2G,008YMQW005,AQW008YM2003A,TB-U,BB859,3,,
AP Memory,DFN-08YM2G,008YMQW005,AQW008YM2003A,TB-U,BB873,3,,
AP Memory,DFN-08YM2G,008YMQW005,AQW008YM2003A,TB-U,BB876,3,,
AP Memory,DFN-08YM2G,008YMQW005,AQW008YM2003A,TB-U,BB900,3,,
AP Memory,DFN-08YM2G,008YMQW005,AQW008YM2003A,TB-U,BB905,4,,
AP Memory,DFN-08YM2G,008YMQW005,AQW008YM2003A,TB-U,BB906,3,,
AP Memory,DFN-08YM2G,008YMQW005,AQW008YM2003A,TB-U,BB918,1,,
AP Memory,DFN-08YM2G,008YMQW005,AQW008YM2003A,TB-U,BB920,3,,
AP Memory,DFN-08YM2G,008YMQW005,AQW008YM2003A,TB-U,BB926,4,,
CHIPLUS,MBGA48A2L,048MAHD001,AHD048MA4002A,TA,BB513,3,,
CHIPLUS,MBGA48A2L,048MAHD001,AHD048MA4002A,TA,BB532,4,,
CHIPLUS,MBGA48A2L,048MAHD001,AHD048MA4002A,TA,BB534,4,,
CHIPLUS,MBGA48A2L,048MAHD001,AHD048MA4002A,TA,BB541,4,,
CHIPLUS,MBGA48A2L,048MAHD001,AHD048MA4002A,TA,BB585,4,,
CYPRESS,TSOP2-54CMES,054TSCS005,ACS054TS1012A,TA-2,BB732,7,,
CYPRESS,TSOP2-54CMES,054TSCS005,ACS054TS1012A,TA-2,BBB20,1,,
CYPRESS,TSOP2-54CMES,054TSCS017,ACS054TS1009A,TA-2,BBB20,2,,
ChipMOS,DFN-08Y62D,008Y6AW028,AAW008Y62014A,TB-P,BBL19,1,,
ChipMOS,DFN-08YD2A,008YDAB014,AAB008YD2003A,TB-R,BBR33,3,,
ChipMOS,DFN-08YD2A,008YDAB014,AAB008YD2003A,TB-U,BB812,1,,
ChipMOS,DFN-08YD2A,008YDAB014,AAB008YD2003A,TB-U,BB849,3,,
ChipMOS,DFN-08YD2A,008YDAB014,AAB008YD2003A,TB-U,BB932,1,,
ChipMOS,DFN-08YD2A,008YDVG006,ABU008YD2004A,TB-U,BB816,1,,
ChipMOS,DFN-08YD2A,008YDVG007,ABU008YD2003A,TB-U,BB816,1,,
ChipMOS,DFN-08YD2A,008YDVG008,ABU008YD2006A,TB-P,BBD56,1,,
ChipMOS,DFN-08YD2A,008YDVG010,ABU008YD2002A,TB-U,BBJ02,1,,
ChipMOS,DFN-08YM2D,008YMAB046,AAB008YM2018A,TB-P,BBD06,3,,
ChipMOS,DFN-08YM2D,008YMAB047,AAB008YM2025A,TB-P,BBD11,1,,
ChipMOS,DFN-08YM2D,008YMAB047,AAB008YM2025A,TB-P,BBD43,1,,
ChipMOS,DFN-08YM2D,008YMAB047,AAB008YM2025A,TB-P,BBL01,1,,
ChipMOS,DFN-08YM2D,008YMAB047,AAB008YM2025A,TB-P,BBL18,1,,
ChipMOS,DFN-08YM2D,008YMAB048,AAB008YM2023A,TB-IP,BBS08,1,,
ChipMOS,DFN-08YM2D,008YMAB051,AAB008YM2019A,TB-P,BBD42,1,,
ChipMOS,DFN-08YM2D,008YMAB062,AAB008YM2023A,TB-U,BB905,1,,
ChipMOS,DFN-08YM2D,008YMAB068,AAB008YM2018A,TB-P,BBD06,1,,
ChipMOS,DFN-08YM2D,008YMAW020,AAW008YM2004A,TB-P,BBD15,2,,
ChipMOS,DFN-08YM2D,008YMAW020,AAW008YM2004A,TB-P,BBD39,1,,
ChipMOS,DFN-08YQ2A,008YQAB072,AAB008YQ2022A,TB-P,BBD36,3,,
ChipMOS,DFN-08YQ2A,008YQAB078,AAB008YQ2032A,TB-P,BBD20,2,,
ChipMOS,DFN-08YQ2A,008YQAB078,AAB008YQ2032A,TB-P,BBD36,3,,
ChipMOS,DFN-08YQ2A,008YQVG006,ABU008YQ2002A,TB-U,BB817,1,,
ChipMOS,DFN-08YQ2A,008YQVG013,ABU008YQ2006A,TB-U,BB817,1,,
ChipMOS,DFN-08YQ2A,008YQVG014,ABU008YQ2018A,TB-U,BB817,1,,
ChipMOS,QFN-20YU2D,020YUNI024,ANI020YU1005C,TB-I,BBA11,1,,
ChipMOS,QFN-20YU2D,020YUNI024,ANI020YU1005C,TB-I,BBA25,2,,
ChipMOS,QFN-36AB1,036ABBW009,ABW036AB1004A,TB-B,BBF61,2,,
ChipMOS,TSOP1-48/48M,048TPAW054,AAW048TP1026E,TA,BB446,1,,
ChipMOS,TSOP1-48/48M,048TPAW054,AAW048TP1026E,TA,BB582,1,,
ChipMOS,TSOP1-48AM,048TWAB012,AAB048TW2006A,TA,BB579,1,,
ChipMOS,TSOP1-48AM,048TWAB012,AAB048TW2006A,TA-2,BB717,1,,
ChipMOS,TSOP1-48AM,048TWMS080,AMS048TW1065A,TA,BB583,1,,
ChipMOS,TSOP2-54ME,054TNAB036,AAB054TN1005A,TA,BB484,1,,
ChipMOS,VFBGA90B4L,090NCAB019,AAB090NC4006A,TA,BB482,1,,
DIALOG,QFN-20YU2D,020YUNI024,ANI020YU1005C,TB-I,BBA09,9,,
DIALOG,QFN-20YU2D,020YUNI024,ANI020YU1005C,TB-I,BBA11,10,,
DIALOG,QFN-20YU2D,020YUNI024,ANI020YU1005C,TB-I,BBA25,8,,
EMC,FPSSLGA34VBV,0345JHQ001,AHQ0345J1001A,TB-R,BBR12,1,,
EMC,FPSSLGA34VBV,0345JHQ001,AHQ0345J1001A,TB-R,BBR19,1,,
EMC,FPSSLGA34VBV,0345JHQ001,AHQ0345J1001A,TB-R,BBR24,1,,
EMC,FPSSLGA41FRV,0415LHQ012,AHQ0415L1003B,TB-R,BBR14,2,,
EMC,FPSSLGA41FRV,0415LHQ012,AHQ0415L1003B,TB-R,BBR20,1,,
EMC,FPSSLGA41FRV,0415LHQ012,AHQ0415L1003B,TB-R,BBR41,1,,
EMC,FPSSLGA41FRV,0415LHQ012,AHQ0415L1003B,TB-R,BBR42,2,,
EMC,FPSSLGA41FRV,0415LHQ012,AHQ0415L1003B,TB-R,BBR43,1,,
EMC,FPSTLGA44tBV,0442JHQ015,AHQ0442J3003A,TB-IP,BBS10,1,,
EMC,FPSTLGA44tBV,0442JHQ016,AHQ0442J3003A,TB-I,BBA02,4,,
EMC,FPSTLGA44tBV,0442JHQ016,AHQ0442J3003A,TB-I,BBA07,4,,
EMC,FPSTLGA44tBV,0442JHQ016,AHQ0442J3003A,TB-I,BBA08,4,,
EMC,FPSTLGA44tBV,0442JHQ016,AHQ0442J3003A,TB-I,BBA13,3,,
EMC,FPSTLGA44tBV,0442JHQ016,AHQ0442J3003A,TB-I,BBA17,3,,
EMC,FPSTLGA44tBV,0442JHQ016,AHQ0442J3003A,TB-I,BBA20,3,,
EMC,FPSTLGA44tBV,0442JHQ016,AHQ0442J3003A,TB-I,BBA24,3,,
EMC,FPSTLGA44tBV,0442JHQ016,AHQ0442J3003A,TB-I,BBA29,4,,
EMC,FPSTLGA44tBV,0442JHQ016,AHQ0442J3003A,TB-R,BBR09,5,,
EMC,FPSTLGA44tBV,0442JHQ016,AHQ0442J3003A,TB-R,BBR13,4,,
EMC,FPSTLGA44tBV,0442JHQ016,AHQ0442J3003A,TB-R,BBR17,4,,
EMC,FPSTLGA44tBV,0442JHQ016,AHQ0442J3003A,TB-R,BBR29,4,,
EMC,FPSTLGA44tBV,0442JHQ016,AHQ0442J3003A,TB-R,BBR34,4,,
EMC,FPSTLGA44tBV,0442JHQ016,AHQ0442J3003A,TB-R,BBR38,4,,
ENG,DFN-08YQ2A,008YQCME30ENG,AAB008YQ2037A,TB-U,BB871,1,,
ENG,DFN-08YQ2A,008YQCME30ENG,AAB008YQ2037A,TB-U,BB883,1,,
ENG,FPSLGA12f6V,0122ICM019ENG,AHQ0122I1001A,TB-I,BBA07,1,,
Everspin,STDFN-08YD2E,008YDVE004,AVE008YD2002A,TB-U,BB840,6,,
Everspin,STDFN-08YD2E,008YDVE004,AVE008YD2002A,TB-U,BB868,1,,
Everspin,STDFN-08YD2E,008YDVE004,AVE008YD2002A,TB-U,BB929,1,,
HOSIN,SSBGA153JAU,153XTSS004,ASS153XT3001A,TA-2,BB701,1,,
HOSIN,SSBGA153JAU,153XTSS004,ASS153XT3001A,TA-2,BB705,1,,
HOSIN,SSBGA153JAU,153XTSS004,ASS153XT3001A,TA-2,BB711,2,,
HOSIN,SSBGA153JAU,153XTSS004,ASS153XT3001A,TA-2,BB712,2,,
HOSIN,SSBGA153JAU,153XTSS004,ASS153XT3001A,TA-2,BB722,1,,
HOSIN,SSBGA153JAU,153XTSS004,ASS153XT3001A,TA-2,BB733,1,,
HOSIN,SSBGA153JAU,153XTSS004,ASS153XT3001A,TA-2,BB737,2,,
HOSIN,SSBGA153JAU,153XTSS004,ASS153XT3001A,TA-2,BB750,1,,
HOSIN,SSBGA153JAU,153XTSS004,ASS153XT3001A,TA-2,BB752,2,,
HOSIN,SSBGA153JAU,153XTSS004,ASS153XT3001A,TA-2,BB756,1,,
HOSIN,SSBGA153JAU,153XTSS004,ASS153XT3001A,TA-2,BB784,1,,
HOSIN,SSBGA153JAU,153XTSS004,ASS153XT3001A,TA-2,BB785,1,,
HOSIN,SSBGA153JAU,153XTSS004,ASS153XT3001A,TA-2,BB791,1,,
HOSIN,SSBGA153JAU,153XTSS004,ASS153XT3001A,TA-2,BBB01,2,,
HOSIN,SSBGA153JAU,153XTSS004,ASS153XT3001A,TA-2,BBB11,1,,
HOSIN,SSBGA153JAU,153XTSS004,ASS153XT3001A,TA-2,BBB12,1,,
HOSIN,SSBGA153JAU,153XTSS004,ASS153XT3001A,TA-2,BBB19,2,,
HOSIN,SSBGA153JAU,153XTSS004,ASS153XT3001A,TA-2,BBB25,2,,
HOSIN,SSBGA153JAU,153XTSS004,ASS153XT3001A,TA-2,BBB26,1,,
HOSIN,SSBGA153JAU,153XTSS004,ASS153XT3001A,TA-2,BBB27,2,,
HOSIN,SSBGA153JAU,153XTSS004,ASS153XT3001A,TA-2,BBB28,2,,
HOSIN,SSBGA153JAU,153XTSS004,ASS153XT3001A,TA-2,BBB34,2,,
ICSI,FBGA-78LEA,078EABU001,ABU078EA1001A,TA,BB442,1,,
ICSI,FBGA-78LEA,078EABU001,ABU078EA1001A,TA,BB455,2,,
ICSI,FBGA-78LEA,078EABU001,ABU078EA1001A,TA,BB496,2,,
ICSI,FBGA-78LEA,078EABU001,ABU078EA1001A,TA,BB497,1,,
ICSI,FBGA-78LEA,078EABU001,ABU078EA1001A,TA,BB528,1,,
ICSI,FBGA-78LEA,078EABU001,ABU078EA1001A,TA,BB591,1,,
ICSI,FBGA-78LEA,078EABU001,ABU078EA1001A,TA,BB612,1,,
ICSI,FBGA-78LEA,078EABU001,ABU078EA1001A,TA,BB616,2,,
ICSI,FBGA-78LEA,078EABU001,ABU078EA1001A,TA,BB620,2,,
ICSI,FBGA-78LEA,078EABU001,ABU078EA1001A,TA-2,BB708,2,,
ICSI,FBGA-78LEA,078EABU001,ABU078EA1001A,TA-2,BB736,1,,
ICSI,FBGA-78LEA,078EABU001,ABU078EA1001A,TA-2,BB762,1,,
ICSI,FBGA-96LEA,096EABU001,ABU096EA1001A,TA,BB442,2,,
ICSI,FBGA-96LEA,096EABU001,ABU096EA1001A,TA,BB455,1,,
ICSI,FBGA-96LEA,096EABU001,ABU096EA1001A,TA,BB496,1,,
ICSI,FBGA-96LEA,096EABU001,ABU096EA1001A,TA,BB497,1,,
ICSI,FBGA-96LEA,096EABU001,ABU096EA1001A,TA,BB528,2,,
ICSI,FBGA-96LEA,096EABU001,ABU096EA1001A,TA,BB550,2,,
ICSI,FBGA-96LEA,096EABU001,ABU096EA1001A,TA,BB591,1,,
ICSI,FBGA-96LEA,096EABU001,ABU096EA1001A,TA,BB601,2,,
ICSI,FBGA-96LEA,096EABU001,ABU096EA1001A,TA,BB612,2,,
ICSI,FBGA-96LEA,096EABU001,ABU096EA1001A,TA,BB616,2,,
ICSI,FBGA-96LEA,096EABU001,ABU096EA1001A,TA,BB620,2,,
ICSI,FBGA-96LEA,096EABU001,ABU096EA1001A,TA,BB622,2,,
ICSI,FBGA-96LEA,096EABU001,ABU096EA1001A,TA-2,BB708,1,,
ICSI,FBGA-96LEA,096EABU001,ABU096EA1001A,TA-2,BB736,1,,
ICSI,FBGA-96LEA,096EABU001,ABU096EA1001A,TA-2,BB762,1,,
ICSI,FBGA-96LEA,096EABU001,ABU096EA1001A,TA-3,BB213,2,,
ICSI,FBGA-96UEF,096EFBU001,ABU096EF2001A,TA,BB443,3,,
ICSI,FBGA-96UEF,096EFBU001,ABU096EF2001A,TA,BB458,2,,
ICSI,FBGA-96UEF,096EFBU001,ABU096EF2001A,TA,BB475,2,,
ICSI,FBGA-96UEF,096EFBU001,ABU096EF2001A,TA,BB480,2,,
ICSI,FBGA-96UEF,096EFBU001,ABU096EF2001A,TA,BB531,2,,
ICSI,FBGA-96UEF,096EFBU001,ABU096EF2001A,TA,BB544,4,,
ICSI,FBGA-96UEF,096EFBU001,ABU096EF2001A,TA,BB558,2,,
ICSI,FBGA-96UEF,096EFBU001,ABU096EF2001A,TA,BB562,3,,
ICSI,FBGA-96UEF,096EFBU001,ABU096EF2001A,TA,BB580,2,,
ICSI,FBGA-96UEF,096EFBU001,ABU096EF2001A,TA,BB586,3,,
ICSI,FBGA-96UEF,096EFBU002,ABU096EF2002A,TA,BB471,11,,
ICSI,FBGA-96UEF,096EFBU002,ABU096EF2002A,TA,BB473,11,,
ICSI,MINIBGA48A1,048MABU002,CU048MA2012A,TA,BB468,2,,
ICSI,MINIBGA48A1,048MABU002,CU048MA2012A,TA,BB597,2,,
ICSI,MINIBGA54A4L,054MFBU005,ABU054MF2001B,TA-2,BB704,2,,
ICSI,MINIBGA54A4L,054MFBU005,ABU054MF2001B,TA-2,BB717,1,,
ICSI,MINIBGA54A4L,054MFBU005,ABU054MF2001B,TA-2,BB789,2,,
ISSI-VG,DFN-08Y62D,008Y6VG005,ABU008Y62001A,TB-U,BB857,8,,
ISSI-VG,DFN-08Y62D,008Y6VG005,ABU008Y62001A,TB-U,BB892,9,,
ISSI-VG,DFN-08Y62D,008Y6VG005,ABU008Y62001A,TB-U,BB895,9,,
ISSI-VG,DFN-08YD2A,008YDVG003,ABU008YD2008A,TB-U,BB816,18,,
ISSI-VG,DFN-08YD2A,008YDVG003,ABU008YD2008A,TB-U,BB908,20,,
ISSI-VG,DFN-08YD2A,008YDVG003,ABU008YD2008A,TB-U,BB916,20,,
ISSI-VG,DFN-08YD2A,008YDVG005,ABU008YD2001A,TB-I,BBA14,2,,
ISSI-VG,DFN-08YD2A,008YDVG005,ABU008YD2001A,TB-I,BBA27,2,,
ISSI-VG,DFN-08YD2A,008YDVG005,ABU008YD2001A,TB-P,BBD01,5,,
ISSI-VG,DFN-08YD2A,008YDVG005,ABU008YD2001A,TB-P,BBD41,1,,
ISSI-VG,DFN-08YD2A,008YDVG005,ABU008YD2001A,TB-P,BBD81,1,,
ISSI-VG,DFN-08YD2A,008YDVG010,ABU008YD2002A,TB-U,BB827,1,,
ISSI-VG,DFN-08YD2A,008YDVG010,ABU008YD2002A,TB-U,BBJ02,1,,
ISSI-VG,DFN-08YM2D,008YMVG003,ABU008YM2002A,TB-P,BBD67,2,,
ISSI-VG,DFN-08YM2D,008YMVG003,ABU008YM2002A,TB-U,BB823,4,,
ISSI-VG,DFN-08YM2D,008YMVG003,ABU008YM2002A,TB-U,BB826,3,,
ISSI-VG,DFN-08YM2D,008YMVG003,ABU008YM2002A,TB-U,BB844,5,,
ISSI-VG,DFN-08YM2D,008YMVG003,ABU008YM2002A,TB-U,BB887,4,,
ISSI-VG,DFN-08YM2D,008YMVG003,ABU008YM2002A,TB-U,BB896,4,,
ISSI-VG,DFN-08YM2D,008YMVG003,ABU008YM2002A,TB-U,BB903,3,,
ISSI-VG,DFN-08YM2D,008YMVG003,ABU008YM2002A,TB-U,BB938,4,,
ISSI-VG,MBGA24J4U,024MAVG011,ABU024MA6010A,TA-2,BB734,1,,
ISSI-VG,MBGA24J4U,024MAVG011,ABU024MA6010A,TA-2,BBB14,1,,
ISSI-VG,MBGA24J4U,024MAVG011,ABU024MA6010A,TA-2,BBB30,1,,
ISSI-VG,STBGA24J4U,024XJVG009,ABU024XJ6003A,TA-3,BB211,1,,
ISSI-VG,STBGA24J4U,024XJVG009,ABU024XJ6003A,TA-3,BB231,3,,
LAPIS,TSOP1-48A2,048TVOK056,AOK048TV1029A,TA-3,BB213,2,,
LAPIS,TSOP1-48A2,048TVOK056,AOK048TV1029A,TA-3,BB220,2,,
LAPIS,TSOP1-48A2,048TVOK056,AOK048TV1029A,TA-3,BB232,1,,
MTI,FBGA-78U9,078U9MS017,AMS078C93001B,TA-2,BB715,2,,
MTI,FBGA-78U9,078U9MS017,AMS078C93001B,TA-2,BB718,2,,
MTI,FBGA-78U9,078U9MS017,AMS078C93001B,TA-2,BB720,1,,
MTI,FBGA-78U9,078U9MS017,AMS078C93001B,TA-2,BB721,1,,
MTI,FBGA-78U9,078U9MS017,AMS078C93001B,TA-2,BB729,2,,
MTI,FBGA-78U9,078U9MS017,AMS078C93001B,TA-2,BB730,1,,
MTI,FBGA-78U9,078U9MS017,AMS078C93001B,TA-2,BB735,1,,
MTI,FBGA-78U9,078U9MS017,AMS078C93001B,TA-2,BB738,1,,
MTI,FBGA-78U9,078U9MS017,AMS078C93001B,TA-2,BB749,1,,
MTI,FBGA-78U9,078U9MS017,AMS078C93001B,TA-2,BB755,2,,
MTI,FBGA-78U9,078U9MS017,AMS078C93001B,TA-2,BB761,1,,
MTI,FBGA-78U9,078U9MS017,AMS078C93001B,TA-2,BB769,1,,
MTI,FBGA-78U9,078U9MS017,AMS078C93001B,TA-2,BB774,1,,
MTI,FBGA-78U9,078U9MS017,AMS078C93001B,TA-2,BB779,1,,
MTI,FBGA-78U9,078U9MS017,AMS078C93001B,TA-2,BB781,1,,
MTI,FBGA-78U9,078U9MS017,AMS078C93001B,TA-2,BB790,1,,
MTI,FBGA-78U9,078U9MS017,AMS078C93001B,TA-2,BBB04,1,,
MTI,FBGA-78U9,078U9MS017,AMS078C93001B,TA-2,BBB08,1,,
MTI,FBGA-78U9,078U9MS017,AMS078C93001B,TA-2,BBB13,1,,
MTI,FBGA-78U9,078U9MS017,AMS078C93001B,TA-2,BBB21,1,,
MTI,FBGA-78U9,078U9MS017,AMS078C93001B,TA-2,BBB24,1,,
MTI,FBGA-78U9,078U9MS017,AMS078C93001B,TB-5P,BBC11,1,,
MTI,FBGA-78U9,078U9MS017,AMS078C93001B,TB-5P,BBC25,2,,
MTI,FBGA-78U9,078U9MS017,AMS078C93001B,TB-5P,BBC37,1,,
MTI,FBGA-78U9,078U9MS017,AMS078C93001B,TB-5P,BBC45,2,,
MTI,FBGA-78U9,078U9MS017,AMS078C93001B,TB-5P,BBC47,2,,
MTI,FBGA-78U9,078U9MS017,AMS078C93001B,TB-5P,BBC49,2,,
MTI,FBGA-78U9,078U9MS017,AMS078C93001B,TB-5P,BBC50,2,,
MTI,FBGA-78U9,078U9MS017,AMS078C93001B,TB-5P,BBC56,1,,
MTI,FBGA-78U9,078U9MS017,AMS078C93001B,TB-5P,BBK30,1,,
MTI,FBGA-78U9,078U9MS017,AMS078C93001B,TB-5P,BBK35,1,,
MTI,FBGA-78U9,078U9MS017,AMS078C93001B,TB-5P,BBK37,3,,
MTI,FBGA-78U9,078U9MS017,AMS078C93001B,TB-5P,BBK39,2,,
MTI,FBGA-78UEN,078ENMS009,AMS078EN1001A,TA,BB441,1,,
MTI,FBGA-78UEN,078ENMS009,AMS078EN1001A,TA,BB452,3,,
MTI,FBGA-78UEN,078ENMS009,AMS078EN1001A,TA,BB463,1,,
MTI,FBGA-78UEN,078ENMS009,AMS078EN1001A,TA,BB466,1,,
MTI,FBGA-78UEN,078ENMS009,AMS078EN1001A,TA,BB467,1,,
MTI,FBGA-78UEN,078ENMS009,AMS078EN1001A,TA,BB469,1,,
MTI,FBGA-78UEN,078ENMS009,AMS078EN1001A,TA,BB477,2,,
MTI,FBGA-78UEN,078ENMS009,AMS078EN1001A,TA,BB483,1,,
MTI,FBGA-78UEN,078ENMS009,AMS078EN1001A,TA,BB485,2,,
MTI,FBGA-78UEN,078ENMS009,AMS078EN1001A,TA,BB498,2,,
MTI,FBGA-78UEN,078ENMS009,AMS078EN1001A,TA,BB501,2,,
MTI,FBGA-78UEN,078ENMS009,AMS078EN1001A,TA,BB502,1,,
MTI,FBGA-78UEN,078ENMS009,AMS078EN1001A,TA,BB503,2,,
MTI,FBGA-78UEN,078ENMS009,AMS078EN1001A,TA,BB507,1,,
MTI,FBGA-78UEN,078ENMS009,AMS078EN1001A,TA,BB511,1,,
MTI,FBGA-78UEN,078ENMS009,AMS078EN1001A,TA,BB512,1,,
MTI,FBGA-78UEN,078ENMS009,AMS078EN1001A,TA,BB514,1,,
MTI,FBGA-78UEN,078ENMS009,AMS078EN1001A,TA,BB519,1,,
MTI,FBGA-78UEN,078ENMS009,AMS078EN1001A,TA,BB524,1,,
MTI,FBGA-78UEN,078ENMS009,AMS078EN1001A,TA,BB533,1,,
MTI,FBGA-78UEN,078ENMS009,AMS078EN1001A,TA,BB536,2,,
MTI,FBGA-78UEN,078ENMS009,AMS078EN1001A,TA,BB537,1,,
MTI,FBGA-78UEN,078ENMS009,AMS078EN1001A,TA,BB538,1,,
MTI,FBGA-78UEN,078ENMS009,AMS078EN1001A,TA,BB543,1,,
MTI,FBGA-78UEN,078ENMS009,AMS078EN1001A,TA,BB548,1,,
MTI,FBGA-78UEN,078ENMS009,AMS078EN1001A,TA,BB553,1,,
MTI,FBGA-78UEN,078ENMS009,AMS078EN1001A,TA,BB555,1,,
MTI,FBGA-78UEN,078ENMS009,AMS078EN1001A,TA,BB563,1,,
MTI,FBGA-78UEN,078ENMS009,AMS078EN1001A,TA,BB567,1,,
MTI,FBGA-78UEN,078ENMS009,AMS078EN1001A,TA,BB568,1,,
MTI,FBGA-78UEN,078ENMS009,AMS078EN1001A,TA,BB571,2,,
MTI,FBGA-78UEN,078ENMS009,AMS078EN1001A,TA,BB573,1,,
MTI,FBGA-78UEN,078ENMS009,AMS078EN1001A,TA,BB575,2,,
MTI,FBGA-78UEN,078ENMS009,AMS078EN1001A,TA,BB576,1,,
MTI,FBGA-78UEN,078ENMS009,AMS078EN1001A,TA,BB584,1,,
MTI,FBGA-78UEN,078ENMS009,AMS078EN1001A,TA,BB588,2,,
MTI,FBGA-78UEN,078ENMS009,AMS078EN1001A,TA,BB590,1,,
MTI,FBGA-78UEN,078ENMS009,AMS078EN1001A,TA,BB592,2,,
MTI,FBGA-78UEN,078ENMS009,AMS078EN1001A,TA,BB593,1,,
MTI,FBGA-78UEN,078ENMS009,AMS078EN1001A,TA,BB596,1,,
MTI,FBGA-78UEN,078ENMS009,AMS078EN1001A,TA,BB602,1,,
MTI,FBGA-78UEN,078ENMS009,AMS078EN1001A,TA,BB605,1,,
MTI,FBGA-78UEN,078ENMS009,AMS078EN1001A,TA,BB606,1,,
MTI,FBGA-78UEN,078ENMS009,AMS078EN1001A,TA,BB609,1,,
MTI,FBGA-78UEN,078ENMS009,AMS078EN1001A,TA,BB611,1,,
MTI,FBGA-78UEN,078ENMS009,AMS078EN1001A,TA,BB614,1,,
MTI,FBGA-78UEN,078ENMS009,AMS078EN1001A,TA,BB617,2,,
MTI,FBGA-78UEN,078ENMS009,AMS078EN1001A,TA,BB624,2,,
MTI,FBGA-78UEN,078ENMS009,AMS078EN1001A,TA-2,BB709,2,,
MTI,FBGA-78UEN,078ENMS009,AMS078EN1001A,TB-5B,BBF60,2,,
MTI,FBGA-78UEN,078ENMS009,AMS078EN1001A,TB-5B,BBF62,1,,
MTI,FBGA-78UEN,078ENMS009,AMS078EN1001A,TB-5B,BBF65,2,,
MTI,FBGA-78UEN,078ENMS009,AMS078EN1001A,TB-5B,BBF70,2,,
MTI,FBGA-78UEN,078ENMS009,AMS078EN1001A,TB-5B,BBF71,2,,
MTI,FBGA-78UEN,078ENMS009,AMS078EN1001A,TB-5B,BBF72,1,,
MTI,FBGA-78UEN,078ENMS009,AMS078EN1001A,TB-5P,BBC13,2,,
MTI,FBGA-78UEN,078ENMS009,AMS078EN1001A,TB-5P,BBC20,2,,
MTI,FBGA-78UEN,078ENMS009,AMS078EN1001A,TB-5P,BBC22,1,,
MTI,FBGA-78UEN,078ENMS009,AMS078EN1001A,TB-5P,BBC36,1,,
MTI,FBGA-78UEN,078ENMS009,AMS078EN1001A,TB-5P,BBC40,2,,
MTI,FBGA-78UEN,078ENMS009,AMS078EN1001A,TB-5P,BBC44,2,,
MTI,FBGA-78UEN,078ENMS009,AMS078EN1001A,TB-5P,BBC53,1,,
MTI,FBGA-78UEN,078ENMS009,AMS078EN1001A,TB-5P,BBK36,1,,
MTI,FBGA-78UEN,078ENMS009,AMS078EN1001A,TB-5P,BBK38,1,,
MTI,FBGA-78UEN,078ENMS009,AMS078EN1001A,TB-5P,BBK40,1,,
MTI,FBGA-78UEN,078ENMS009,AMS078EN1001A,TB-5P,BBK43,1,,
MTI,FBGA-78UEN,078ENMS009,AMS078EN1001A,TB-5P,BBK44,1,,
MTI,FBGA-78UEN,078ENMS009,AMS078EN1001A,TB-B,BBF66,1,,
MTI,FBGA-78UEN,078ENMS009,AMS078EN1001A,TB-I,BBA05,2,,
MTI,FBGA-78UEN,078ENMS009,AMS078EN1001A,TB-I,BBA10,1,,
MTI,FBGA-78UEN,078ENMS009,AMS078EN1001A,TB-I,BBA14,1,,
MTI,FBGA-78UEN,078ENMS009,AMS078EN1001A,TB-I,BBA16,1,,
MTI,FBGA-78UEN,078ENMS009,AMS078EN1001A,TB-I,BBA18,2,,
MTI,FBGA-78UEN,078ENMS009,AMS078EN1001A,TB-I,BBJ01,2,,
MTI,FBGA-78UEN,078ENMS009,AMS078EN1001A,TB-IP,BBS02,1,,
MTI,FBGA-78UEN,078ENMS009,AMS078EN1001A,TB-IP,BBS04,1,,
MTI,FBGA-78UEN,078ENMS009,AMS078EN1001A,TB-IP,BBS05,2,,
MTI,FBGA-78UEN,078ENMS009,AMS078EN1001A,TB-IP,BBS06,1,,
MTI,FBGA-78UEN,078ENMS009,AMS078EN1001A,TB-IP,BBS07,1,,
MTI,FBGA-78UEN,078ENMS009,AMS078EN1001A,TB-IP,BBS09,2,,
MTI,FBGA-78UEN,078ENMS009,AMS078EN1001A,TB-P,BBD01,1,,
MTI,FBGA-78UEN,078ENMS009,AMS078EN1001A,TB-P,BBD02,1,,
MTI,FBGA-78UEN,078ENMS009,AMS078EN1001A,TB-P,BBD04,1,,
MTI,FBGA-78UEN,078ENMS009,AMS078EN1001A,TB-P,BBD06,1,,
MTI,FBGA-78UEN,078ENMS009,AMS078EN1001A,TB-P,BBD12,2,,
MTI,FBGA-78UEN,078ENMS009,AMS078EN1001A,TB-P,BBD16,1,,
MTI,FBGA-78UEN,078ENMS009,AMS078EN1001A,TB-P,BBD20,2,,
MTI,FBGA-78UEN,078ENMS009,AMS078EN1001A,TB-P,BBD24,1,,
MTI,FBGA-78UEN,078ENMS009,AMS078EN1001A,TB-P,BBD35,1,,
MTI,FBGA-78UEN,078ENMS009,AMS078EN1001A,TB-P,BBD36,1,,
MTI,FBGA-78UEN,078ENMS009,AMS078EN1001A,TB-P,BBD38,1,,
MTI,FBGA-78UEN,078ENMS009,AMS078EN1001A,TB-P,BBD41,1,,
MTI,FBGA-78UEN,078ENMS009,AMS078EN1001A,TB-P,BBD42,1,,
MTI,FBGA-78UEN,078ENMS009,AMS078EN1001A,TB-P,BBD51,1,,
MTI,FBGA-78UEN,078ENMS009,AMS078EN1001A,TB-P,BBD57,1,,
MTI,FBGA-78UEN,078ENMS009,AMS078EN1001A,TB-P,BBD60,2,,
MTI,FBGA-78UEN,078ENMS009,AMS078EN1001A,TB-P,BBD81,2,,
MTI,FBGA-78UEN,078ENMS009,AMS078EN1001A,TB-P,BBL03,2,,
MTI,FBGA-78UEN,078ENMS009,AMS078EN1001A,TB-P,BBL17,2,,
MTI,FBGA-78UEN,078ENMS009,AMS078EN1001A,TB-P,BBL21,2,,
MTI,FBGA-78UEN,078ENMS009,AMS078EN1001A,TB-U,BB832,2,,
MTI,FBGA-96UEC,096ECMS010,AMS096EC3001B,TA,BB461,1,,
MTI,FBGA-96UEC,096ECMS010,AMS096EC3001B,TA,BB470,1,,
MTI,FBGA-96UEC,096ECMS010,AMS096EC3001B,TA,BB474,1,,
MTI,FBGA-96UEC,096ECMS010,AMS096EC3001B,TA,BB488,2,,
MTI,FBGA-96UEC,096ECMS010,AMS096EC3001B,TA,BB510,1,,
MTI,FBGA-96UEC,096ECMS010,AMS096EC3001B,TA,BB529,2,,
MTI,FBGA-96UEC,096ECMS010,AMS096EC3001B,TA,BB530,1,,
MTI,FBGA-96UEC,096ECMS010,AMS096EC3001B,TA,BB570,2,,
MTI,FBGA-96UEC,096ECMS010,AMS096EC3001B,TA,BB581,1,,
MTI,FBGA-96UEC,096ECMS010,AMS096EC3001B,TA,BB587,1,,
MTI,FBGA-96UEC,096ECMS010,AMS096EC3001B,TA,BB600,1,,
MTI,FBGA-96UEC,096ECMS010,AMS096EC3001B,TA-2,BB747,1,,
MTI,FBGA-96UEC,096ECMS010,AMS096EC3001B,TA-2,BB754,1,,
MTI,FBGA-96UEC,096ECMS010,AMS096EC3001B,TA-2,BBB09,1,,
MTI,FBGA-96UEC,096ECMS010,AMS096EC3001B,TA-3,BB215,2,,
MTI,FBGA-96UEC,096ECMS010,AMS096EC3001B,TA-3,BB220,1,,
MTI,FBGA-96UEC,096ECMS010,AMS096EC3001B,TA-3,BB223,2,,
MTI,FBGA-96UEC,096ECMS010,AMS096EC3001B,TA-3,BB228,2,,
MTI,FBGA-96UEC,096ECMS010,AMS096EC3001B,TB-5B,BBF64,2,,
MTI,FBGA-96UEC,096ECMS010,AMS096EC3001B,TB-5B,BBF68,1,,
MTI,FBGA-96UEC,096ECMS010,AMS096EC3001B,TB-5B,BBF69,1,,
MTI,FBGA-96UEC,096ECMS010,AMS096EC3001B,TB-5B,BBF73,1,,
MTI,FBGA-96UEC,096ECMS010,AMS096EC3001B,TB-5B,BBF74,1,,
MTI,FBGA-96UEC,096ECMS010,AMS096EC3001B,TB-5P,BBC02,2,,
MTI,FBGA-96UEC,096ECMS010,AMS096EC3001B,TB-5P,BBC05,1,,
MTI,FBGA-96UEC,096ECMS010,AMS096EC3001B,TB-5P,BBC09,1,,
MTI,FBGA-96UEC,096ECMS010,AMS096EC3001B,TB-5P,BBC16,2,,
MTI,FBGA-96UEC,096ECMS010,AMS096EC3001B,TB-5P,BBC17,2,,
MTI,FBGA-96UEC,096ECMS010,AMS096EC3001B,TB-5P,BBC19,2,,
MTI,FBGA-96UEC,096ECMS010,AMS096EC3001B,TB-5P,BBC21,1,,
MTI,FBGA-96UEC,096ECMS010,AMS096EC3001B,TB-5P,BBC27,2,,
MTI,FBGA-96UEC,096ECMS010,AMS096EC3001B,TB-5P,BBC28,1,,
MTI,FBGA-96UEC,096ECMS010,AMS096EC3001B,TB-5P,BBC30,1,,
MTI,FBGA-96UEC,096ECMS010,AMS096EC3001B,TB-5P,BBC32,2,,
MTI,FBGA-96UEC,096ECMS010,AMS096EC3001B,TB-5P,BBC41,2,,
MTI,FBGA-96UEC,096ECMS010,AMS096EC3001B,TB-5P,BBC42,2,,
MTI,FBGA-96UEC,096ECMS010,AMS096EC3001B,TB-5P,BBC46,1,,
MTI,FBGA-96UEC,096ECMS010,AMS096EC3001B,TB-5P,BBC51,1,,
MTI,FBGA-96UEC,096ECMS010,AMS096EC3001B,TB-5P,BBC52,1,,
MTI,FBGA-96UEC,096ECMS010,AMS096EC3001B,TB-5P,BBK32,1,,
MTI,FBGA-96UEC,096ECMS010,AMS096EC3001B,TB-5P,BBK33,1,,
MTI,FBGA-96UEE,096EEMS006,AMS096EE2001A,TA-3,BB216,4,,
MTI,FBGA-96UEE,096EEMS006,AMS096EE2001A,TA-3,BB217,2,,
MTI,FBGA-96UEE,096EEMS006,AMS096EE2001A,TA-3,BB235,3,,
MTI,TSOP1-48AM,048TWMS046,AMS048TW1037A,TA,BB444,1,,
MTI,TSOP1-48AM,048TWMS046,AMS048TW1037A,TA,BB489,1,,
MTI,TSOP1-48AM,048TWMS046,AMS048TW1037A,TA,BB499,1,,
MTI,TSOP1-48AM,048TWMS046,AMS048TW1037A,TA,BB500,1,,
MTI,TSOP1-48AM,048TWMS046,AMS048TW1037A,TA,BB504,2,,
MTI,TSOP1-48AM,048TWMS046,AMS048TW1037A,TA,BB567,1,,
MTI,TSOP1-48AM,048TWMS046,AMS048TW1037A,TA,BB576,1,,
MTI,TSOP1-48AM,048TWMS046,AMS048TW1037A,TA,BB579,1,,
MTI,TSOP1-48AM,048TWMS046,AMS048TW1037A,TA,BB602,1,,
MTI,TSOP1-48AM,048TWMS046,AMS048TW1037A,TA,BB607,1,,
MTI,TSOP1-48AM,048TWMS059,AMS048TW1050A,TA,BB498,1,,
MTI,TSOP1-48AM,048TWMS059,AMS048TW1050A,TA,BB590,1,,
MTI,TSOP1-48AM,048TWMS068,AMS048TW1058A,TA,BB445,2,,
MTI,TSOP1-48AM,048TWMS068,AMS048TW1058A,TA,BB448,2,,
MTI,TSOP1-48AM,048TWMS068,AMS048TW1058A,TA,BB456,3,,
MTI,TSOP1-48AM,048TWMS068,AMS048TW1058A,TA,BB459,2,,
MTI,TSOP1-48AM,048TWMS068,AMS048TW1058A,TA,BB468,2,,
MTI,TSOP1-48AM,048TWMS068,AMS048TW1058A,TA,BB482,2,,
MTI,TSOP1-48AM,048TWMS068,AMS048TW1058A,TA,BB487,2,,
MTI,TSOP1-48AM,048TWMS068,AMS048TW1058A,TA,BB490,2,,
MTI,TSOP1-48AM,048TWMS068,AMS048TW1058A,TA,BB509,2,,
MTI,TSOP1-48AM,048TWMS068,AMS048TW1058A,TA,BB515,2,,
MTI,TSOP1-48AM,048TWMS068,AMS048TW1058A,TA,BB517,2,,
MTI,TSOP1-48AM,048TWMS068,AMS048TW1058A,TA,BB521,2,,
MTI,TSOP1-48AM,048TWMS068,AMS048TW1058A,TA,BB522,1,,
MTI,TSOP1-48AM,048TWMS068,AMS048TW1058A,TA,BB527,2,,
MTI,TSOP1-48AM,048TWMS068,AMS048TW1058A,TA,BB542,2,,
MTI,TSOP1-48AM,048TWMS068,AMS048TW1058A,TA,BB552,2,,
MTI,TSOP1-48AM,048TWMS068,AMS048TW1058A,TA,BB560,2,,
MTI,TSOP1-48AM,048TWMS068,AMS048TW1058A,TA,BB566,3,,
MTI,TSOP1-48AM,048TWMS068,AMS048TW1058A,TA,BB572,2,,
MTI,TSOP1-48AM,048TWMS068,AMS048TW1058A,TA,BB589,2,,
MTI,TSOP1-48AM,048TWMS068,AMS048TW1058A,TA,BB594,2,,
MTI,TSOP1-48AM,048TWMS068,AMS048TW1058A,TA,BB595,1,,
MTI,TSOP1-48AM,048TWMS068,AMS048TW1058A,TA,BB597,2,,
MTI,TSOP1-48AM,048TWMS068,AMS048TW1058A,TA,BB608,2,,
MTI,TSOP1-48AM,048TWMS068,AMS048TW1058A,TA,BB610,2,,
MTI,TSOP1-48AM,048TWMS068,AMS048TW1058A,TA,BB613,2,,
MTI,TSOP1-48AM,048TWMS068,AMS048TW1058A,TA,BB619,2,,
MTI,TSOP1-48AM,048TWMS068,AMS048TW1058A,TA-2,BB702,2,,
MTI,TSOP1-48AM,048TWMS068,AMS048TW1058A,TA-2,BB714,3,,
MTI,TSOP1-48AM,048TWMS068,AMS048TW1058A,TA-2,BB719,2,,
MTI,TSOP1-48AM,048TWMS068,AMS048TW1058A,TA-2,BB734,2,,
MTI,TSOP1-48AM,048TWMS068,AMS048TW1058A,TA-2,BB764,2,,
MTI,TSOP1-48AM,048TWMS068,AMS048TW1058A,TA-2,BB772,2,,
MTI,TSOP1-48AM,048TWMS068,AMS048TW1058A,TA-2,BB773,1,,
MTI,TSOP1-48AM,048TWMS068,AMS048TW1058A,TA-2,BB775,2,,
MTI,TSOP1-48AM,048TWMS068,AMS048TW1058A,TA-2,BB778,3,,
MTI,TSOP1-48AM,048TWMS068,AMS048TW1058A,TA-2,BB783,3,,
MTI,TSOP1-48AM,048TWMS068,AMS048TW1058A,TA-2,BBB10,3,,
MTI,TSOP1-48AM,048TWMS068,AMS048TW1058A,TA-2,BBB14,2,,
MTI,TSOP1-48AM,048TWMS068,AMS048TW1058A,TA-2,BBB16,2,,
MTI,TSOP1-48AM,048TWMS068,AMS048TW1058A,TA-2,BBB30,2,,
MTI,TSOP1-48AM,048TWMS068,AMS048TW1058A,TA-2,BBB33,2,,
MTI,TSOP1-48AM,048TWMS075,AMS048TW1060A,TA,BB448,1,,
MTI,TSOP1-48AM,048TWMS075,AMS048TW1060A,TA,BB456,1,,
MTI,TSOP1-48AM,048TWMS075,AMS048TW1060A,TA,BB457,1,,
MTI,TSOP1-48AM,048TWMS075,AMS048TW1060A,TA,BB486,2,,
MTI,TSOP1-48AM,048TWMS075,AMS048TW1060A,TA,BB517,1,,
MTI,TSOP1-48AM,048TWMS075,AMS048TW1060A,TA,BB551,1,,
MTI,TSOP1-48AM,048TWMS075,AMS048TW1060A,TA,BB552,1,,
MTI,TSOP1-48AM,048TWMS080,AMS048TW1065A,TA,BB462,16,,
MTI,TSOP1-48AM,048TWMS080,AMS048TW1065A,TA,BB583,16,,
MXIC,DFN-08Y62D,008Y6AW024,AAW008Y62015A,TB-R,BBR02,1,,
MXIC,DFN-08Y62D,008Y6AW024,AAW008Y62015A,TB-R,BBR07,1,,
MXIC,DFN-08Y62D,008Y6AW024,AAW008Y62015A,TB-R,BBR10,1,,
MXIC,DFN-08Y62D,008Y6AW024,AAW008Y62015A,TB-R,BBR11,1,,
MXIC,DFN-08Y62D,008Y6AW024,AAW008Y62015A,TB-R,BBR32,1,,
MXIC,DFN-08Y62D,008Y6AW028,AAW008Y62014A,TB-P,BBD05,3,,
MXIC,DFN-08Y62D,008Y6AW028,AAW008Y62014A,TB-P,BBD07,4,,
MXIC,DFN-08Y62D,008Y6AW028,AAW008Y62014A,TB-P,BBD08,5,,
MXIC,DFN-08Y62D,008Y6AW028,AAW008Y62014A,TB-P,BBD22,3,,
MXIC,DFN-08Y62D,008Y6AW028,AAW008Y62014A,TB-P,BBD58,3,,
MXIC,DFN-08Y62D,008Y6AW028,AAW008Y62014A,TB-P,BBD65,3,,
MXIC,DFN-08Y62D,008Y6AW028,AAW008Y62014A,TB-P,BBD66,4,,
MXIC,DFN-08Y62D,008Y6AW028,AAW008Y62014A,TB-P,BBL04,4,,
MXIC,DFN-08Y62D,008Y6AW028,AAW008Y62014A,TB-P,BBL19,3,,
MXIC,DFN-08Y62D,008Y6AW028,AAW008Y62014A,TB-U,BB814,4,,
MXIC,DFN-08Y62D,008Y6AW028,AAW008Y62014A,TB-U,BB851,4,,
MXIC,DFN-08Y62D,008Y6AW028,AAW008Y62014A,TB-U,BB890,4,,
MXIC,DFN-08Y62D,008Y6AW028,AAW008Y62014A,TB-U,BB923,5,,
MXIC,DFN-08Y62D,008Y6AW028,AAW008Y62014A,TB-U,BBJ03,4,,
MXIC,DFN-08YM2D,008YMAW020,AAW008YM2004A,TB-P,BBD15,5,,
MXIC,DFN-08YM2D,008YMAW020,AAW008YM2004A,TB-P,BBD39,3,,
MXIC,DFN-08YM2D,008YMAW020,AAW008YM2004A,TB-P,BBD61,4,,
MXIC,MBGA64J4U,064MRAW029,AAW064MR1009A,TA,BB472,6,,
MXIC,MBGA64J4U,064MRAW029,AAW064MR1009A,TA,BB520,6,,
MXIC,MBGA64J4U,064MRAW029,AAW064MR1009A,TA,BB556,7,,
MXIC,MINIBGA24A4L,024MAAW048,AAW024MA6025A,TA-2,BB709,7,,
MXIC,MINIBGA24A4L,024MAAW048,AAW024MA6025A,TA-2,BB731,1,,
MXIC,MINIBGA24A4L,024MAAW048,AAW024MA6025A,TA-2,BB766,1,,
MXIC,MINIBGA24A4L,024MAAW048,AAW024MA6025A,TA-2,BB767,1,,
MXIC,MINIBGA24A4L,024MAAW048,AAW024MA6025A,TA-2,BB768,1,,
MXIC,MINIBGA24A4L,024MAAW048,AAW024MA6025A,TA-2,BB788,1,,
MXIC,MINIBGA24A4L,024MAAW048,AAW024MA6025A,TA-2,BBB29,1,,
MXIC,MINIBGA24A4L,024MAAW048,AAW024MA6025A,TA-2,BBB32,1,,
MXIC,MINIBGA24A4L,024MAAW048,AAW024MA6025A,TA-2,BBB36,1,,
MXIC,SSLGA16DOU,016D5AW011,AAW016D53004A,TA-2,BB751,10,,
MXIC,SSLGA16DOU,016D5AW011,AAW016D53004A,TA-2,BB763,10,,
MXIC,SSLGA16DOU,016D5AW011,AAW016D53004A,TA-2,BB771,10,,
MXIC,SSLGA16DOU,016D5AW011,AAW016D53004A,TA-2,BB780,10,,
MXIC,SSLGA16DOU,016D5AW011,AAW016D53004A,TA-2,BBB23,10,,
MXIC,SSLGA16DOU,016D5AW011,AAW016D53004A,TA-5,BBU25,11,,
MXIC,SSLGA16DOU,016D5AW011,AAW016D53004A,TA-5,BBU28,11,,
MXIC,SSLGA16DOU,016D5AW011,AAW016D53004A,TA-5,BBU30,11,,
MXIC,SSLGA16DOU,016D5AW011,AAW016D53004A,TA-5,BBU37,12,,
MXIC,SSLGA16DOU,016D5AW011,AAW016D53004A,TA-5,BBU47,11,,
MXIC,SSLGA16DOU,016D5AW011,AAW016D53004A,TB-P,BBD23,8,,
MXIC,SSLGA16DOU,016D5AW020,AAW016D53011A,TA-3,BB232,2,,
MXIC,SSLGA16DOU,016D5AW020,AAW016D53011A,TA-5,BBU02,2,,
MXIC,SSLGA16DOU,016D5AW020,AAW016D53011A,TA-5,BBU03,2,,
MXIC,SSLGA16DOU,016D5AW020,AAW016D53011A,TA-5,BBU11,2,,
MXIC,SSLGA16DOU,016D5AW020,AAW016D53011A,TA-5,BBU29,2,,
MXIC,SSLGA16DOU,016D5AW020,AAW016D53011A,TA-5,BBU34,2,,
MXIC,SSLGA16DOU,016D5AW020,AAW016D53011A,TA-5,BBU35,2,,
MXIC,SSLGA16DOU,016D5AW020,AAW016D53011A,TA-5,BBU36,2,,
MXIC,SSLGA16DOU,016D5AW020,AAW016D53011A,TA-5,BBU38,2,,
MXIC,SSLGA16DOU,016D5AW020,AAW016D53011A,TA-5,BBU39,2,,
MXIC,SSLGA16DOU,016D5AW020,AAW016D53011A,TA-5,BBU55,3,,
MXIC,SSLGA16DOU,016D5AW020,AAW016D53011A,TA-5,BBU60,2,,
MXIC,TSOP1-48/48M,048TPAW054,AAW048TP1026E,TA,BB446,1,,
MXIC,TSOP1-48/48M,048TPAW054,AAW048TP1026E,TA,BB453,1,,
MXIC,TSOP1-48/48M,048TPAW054,AAW048TP1026E,TA,BB465,1,,
MXIC,TSOP1-48/48M,048TPAW054,AAW048TP1026E,TA,BB478,1,,
MXIC,TSOP1-48/48M,048TPAW054,AAW048TP1026E,TA,BB523,2,,
MXIC,TSOP1-48/48M,048TPAW054,AAW048TP1026E,TA,BB526,1,,
MXIC,TSOP1-48/48M,048TPAW054,AAW048TP1026E,TA,BB535,1,,
MXIC,TSOP1-48/48M,048TPAW054,AAW048TP1026E,TA,BB561,2,,
MXIC,TSOP1-48/48M,048TPAW054,AAW048TP1026E,TA,BB565,2,,
MXIC,TSOP1-48/48M,048TPAW054,AAW048TP1026E,TA,BB578,5,,
MXIC,TSOP1-48/48M,048TPAW054,AAW048TP1026E,TA,BB582,4,,
MXIC,TSOP1-48/48M,048TPAW054,AAW048TP1026E,TA,BB598,2,,
MXIC,TSOP1-48/48M,048TPAW054,AAW048TP1026E,TA,BB604,2,,
MXIC,TSOP1-48/48M,048TPAW054,AAW048TP1026E,TA-2,BB732,1,,
MXIC,TSOP1-48/48M,048TPAW054,AAW048TP1026E,TA-2,BB760,1,,
MXIC,TSOP1-48/48M,048TPAW054,AAW048TP1026E,TA-2,BBB20,1,,
MXIC,TSOP1-48/48M,048TPAW056,AAW048TP1024D,TA,BB446,3,,
MXIC,TSOP1-48/48M,048TPAW056,AAW048TP1024D,TA,BB453,3,,
MXIC,TSOP1-48/48M,048TPAW056,AAW048TP1024D,TA,BB454,5,,
MXIC,TSOP1-48/48M,048TPAW056,AAW048TP1024D,TA,BB465,2,,
MXIC,TSOP1-48/48M,048TPAW056,AAW048TP1024D,TA,BB478,3,,
MXIC,TSOP1-48/48M,048TPAW056,AAW048TP1024D,TA,BB523,3,,
MXIC,TSOP1-48/48M,048TPAW056,AAW048TP1024D,TA,BB526,3,,
MXIC,TSOP1-48/48M,048TPAW056,AAW048TP1024D,TA,BB535,3,,
MXIC,TSOP1-48/48M,048TPAW056,AAW048TP1024D,TA,BB546,4,,
MXIC,TSOP1-48/48M,048TPAW056,AAW048TP1024D,TA,BB561,3,,
MXIC,TSOP1-48/48M,048TPAW056,AAW048TP1024D,TA,BB565,3,,
MXIC,TSOP1-48/48M,048TPAW056,AAW048TP1024D,TA,BB577,5,,
MXIC,TSOP1-48/48M,048TPAW056,AAW048TP1024D,TA,BB582,2,,
MXIC,TSOP1-48/48M,048TPAW056,AAW048TP1024D,TA,BB598,4,,
MXIC,TSOP1-48/48M,048TPAW056,AAW048TP1024D,TA,BB604,2,,
MXIC,TSOP1-48/48M,048TPAW056,AAW048TP1024D,TA,BB623,5,,
MXIC,TSOP1-48/48M,048TPAW056,AAW048TP1024D,TA-2,BB732,3,,
MXIC,TSOP1-48/48M,048TPAW056,AAW048TP1024D,TA-2,BB760,5,,
MXIC,TSOP1-48/48M,048TPAW056,AAW048TP1024D,TA-2,BBB20,4,,
MXIC,TSOP1-48/48M,048TPAW056,AAW048TP1024D,TA-3,BB226,6,,
MXIC,TSOP1-48/48M,048TPAW056,AAW048TP1024D,TA-3,BB233,6,,
MXIC,TSOP1-48/48M,048TPAW074,AAW048TP1034C,TA,BB510,1,,
MXIC,TSOP1-48/M2,048TPAW086,AAW048TP1041B,TA-2,BB710,9,,
MXIC,TSOP1-48/M2,048TPAW086,AAW048TP1041B,TA-2,BB713,8,,
MXIC,TSOP1-48/M2,048TPAW086,AAW048TP1041B,TA-2,BB723,7,,
MXIC,TSOP1-48/M2,048TPAW086,AAW048TP1041B,TA-2,BB725,8,,
MXIC,TSOP1-48/M2,048TPAW086,AAW048TP1041B,TA-2,BB726,9,,
MXIC,TSOP1-48/M2,048TPAW086,AAW048TP1041B,TA-2,BB731,8,,
MXIC,TSOP1-48/M2,048TPAW086,AAW048TP1041B,TA-2,BB745,9,,
MXIC,TSOP1-48/M2,048TPAW086,AAW048TP1041B,TA-2,BB753,7,,
MXIC,TSOP1-48/M2,048TPAW086,AAW048TP1041B,TA-2,BB757,9,,
MXIC,TSOP1-48/M2,048TPAW086,AAW048TP1041B,TA-2,BB758,9,,
MXIC,TSOP1-48/M2,048TPAW086,AAW048TP1041B,TA-2,BB759,9,,
MXIC,TSOP1-48/M2,048TPAW086,AAW048TP1041B,TA-2,BB766,8,,
MXIC,TSOP1-48/M2,048TPAW086,AAW048TP1041B,TA-2,BB767,8,,
MXIC,TSOP1-48/M2,048TPAW086,AAW048TP1041B,TA-2,BB768,8,,
MXIC,TSOP1-48/M2,048TPAW086,AAW048TP1041B,TA-2,BB786,9,,
MXIC,TSOP1-48/M2,048TPAW086,AAW048TP1041B,TA-2,BB787,9,,
MXIC,TSOP1-48/M2,048TPAW086,AAW048TP1041B,TA-2,BB788,8,,
MXIC,TSOP1-48/M2,048TPAW086,AAW048TP1041B,TA-2,BBB03,7,,
MXIC,TSOP1-48/M2,048TPAW086,AAW048TP1041B,TA-2,BBB15,8,,
MXIC,TSOP1-48/M2,048TPAW086,AAW048TP1041B,TA-2,BBB22,8,,
MXIC,TSOP1-48/M2,048TPAW086,AAW048TP1041B,TA-2,BBB29,8,,
MXIC,TSOP1-48/M2,048TPAW086,AAW048TP1041B,TA-2,BBB32,8,,
MXIC,TSOP1-48/M2,048TPAW086,AAW048TP1041B,TA-2,BBB36,8,,
MXIC,TSOP1-48/M2,048TPAW086,AAW048TP1041B,TA-3,BB211,10,,
MXIC,TSOP1-48/M2,048TPAW086,AAW048TP1041B,TA-3,BB214,10,,
MXIC,TSOP1-48/M2,048TPAW086,AAW048TP1041B,TA-3,BB216,10,,
MXIC,TSOP1-48/M2,048TPAW086,AAW048TP1041B,TA-3,BB217,9,,
MXIC,TSOP1-48/M2,048TPAW086,AAW048TP1041B,TA-3,BB219,10,,
MXIC,TSOP1-48/M2,048TPAW086,AAW048TP1041B,TA-3,BB230,9,,
MXIC,TSOP1-48/M2,048TPAW086,AAW048TP1041B,TA-3,BB231,8,,
MXIC,TSOP1-48/M2,048TPAW086,AAW048TP1041B,TA-3,BB234,9,,
MXIC,TSOP1-48/M2,048TPAW086,AAW048TP1041B,TA-3,BB235,10,,
MXIC,TSOP1-48/M2,048TPAW103,AAW048TP1008B,TA-2,BB713,1,,
MXIC,TSOP1-48/M2,048TPAW103,AAW048TP1008B,TA-2,BB723,1,,
MXIC,TSOP1-48/M2,048TPAW103,AAW048TP1008B,TA-2,BB753,1,,
MXIC,TSOP1-48/M2,048TPAW103,AAW048TP1008B,TA-2,BBB03,1,,
MXIC,TSOP1-48/M2,048TPAW103,AAW048TP1008B,TA-2,BBB22,1,,
MXIC,TSOP1-48/M2,048TPAW103,AAW048TP1008B,TA-3,BB217,1,,
MXIC,TSOP1-48/M2,048TPAW103,AAW048TP1008B,TA-3,BB231,1,,
MXIC,TSOP1-48/M2,048TPAW103,AAW048TP1008B,TA-5,BBU01,9,,
MXIC,TSOP1-48/M2,048TPAW103,AAW048TP1008B,TA-5,BBU04,7,,
MXIC,TSOP1-48/M2,048TPAW103,AAW048TP1008B,TA-5,BBU06,8,,
MXIC,TSOP1-48/M2,048TPAW103,AAW048TP1008B,TA-5,BBU09,7,,
MXIC,TSOP1-48/M2,048TPAW103,AAW048TP1008B,TA-5,BBU12,7,,
MXIC,TSOP1-48/M2,048TPAW103,AAW048TP1008B,TA-5,BBU13,8,,
MXIC,TSOP1-48/M2,048TPAW103,AAW048TP1008B,TA-5,BBU16,8,,
MXIC,TSOP1-48/M2,048TPAW103,AAW048TP1008B,TA-5,BBU17,8,,
MXIC,TSOP1-48/M2,048TPAW103,AAW048TP1008B,TA-5,BBU18,7,,
MXIC,TSOP1-48/M2,048TPAW103,AAW048TP1008B,TA-5,BBU19,7,,
MXIC,TSOP1-48/M2,048TPAW103,AAW048TP1008B,TA-5,BBU21,8,,
MXIC,TSOP1-48/M2,048TPAW103,AAW048TP1008B,TA-5,BBU22,7,,
MXIC,TSOP1-48/M2,048TPAW103,AAW048TP1008B,TA-5,BBU23,7,,
MXIC,TSOP1-48/M2,048TPAW103,AAW048TP1008B,TA-5,BBU26,8,,
MXIC,TSOP1-48/M2,048TPAW103,AAW048TP1008B,TA-5,BBU27,8,,
MXIC,TSOP1-48/M2,048TPAW103,AAW048TP1008B,TA-5,BBU42,7,,
MXIC,TSOP1-48/M2,048TPAW103,AAW048TP1008B,TA-5,BBU43,7,,
MXIC,TSOP1-48/M2,048TPAW103,AAW048TP1008B,TA-5,BBU46,7,,
MXIC,TSOP1-48/M2,048TPAW103,AAW048TP1008B,TA-5,BBU49,8,,
MXIC,TSOP1-48/M2,048TPAW103,AAW048TP1008B,TA-5,BBU51,7,,
MXIC,TSOP1-48/M2,048TPAW103,AAW048TP1008B,TA-5,BBU52,8,,
MXIC,TSOP1-48/M2,048TPAW103,AAW048TP1008B,TA-5,BBU57,8,,
MXIC,TSOP1-48/M2,048TPAW103,AAW048TP1008B,TA-5,BBU59,7,,
MXIC,TSOP1-48/M2,048TPAW103,AAW048TP1008B,TA-5,BBU65,7,,
MXIC,TSOP1-48/M2,048TPAW103,AAW048TP1008B,TA-5,BBU66,7,,
MXIC,TSOP1-48/M2,048TPAW103,AAW048TP1008B,TA-5,BBU67,8,,
MXIC,TSOP1-48/M2,048TPAW103,AAW048TP1008B,TA-5,BBU68,8,,
MXIC,TSOP1-48/M2,048TPAW103,AAW048TP1008B,TA-5,BBU69,7,,
MXIC,TSOP1-48/M2,048TPAW103,AAW048TP1008B,TB-U,BB801,4,,
MXIC,TSOP1-48/M2,048TPAW103,AAW048TP1008B,TB-U,BB806,4,,
MXIC,TSOP1-48/M2,048TPAW103,AAW048TP1008B,TB-U,BB808,5,,
MXIC,TSOP1-48/M2,048TPAW103,AAW048TP1008B,TB-U,BB811,4,,
MXIC,TSOP1-48/M2,048TPAW103,AAW048TP1008B,TB-U,BB819,4,,
MXIC,TSOP1-48/M2,048TPAW103,AAW048TP1008B,TB-U,BB825,4,,
MXIC,TSOP1-48/M2,048TPAW103,AAW048TP1008B,TB-U,BB827,4,,
MXIC,TSOP1-48/M2,048TPAW103,AAW048TP1008B,TB-U,BB828,4,,
MXIC,TSOP1-48/M2,048TPAW103,AAW048TP1008B,TB-U,BB831,4,,
MXIC,TSOP1-48/M2,048TPAW103,AAW048TP1008B,TB-U,BB840,3,,
MXIC,TSOP1-48/M2,048TPAW103,AAW048TP1008B,TB-U,BB841,5,,
MXIC,TSOP1-48/M2,048TPAW103,AAW048TP1008B,TB-U,BB842,4,,
MXIC,TSOP1-48/M2,048TPAW103,AAW048TP1008B,TB-U,BB845,4,,
MXIC,TSOP1-48/M2,048TPAW103,AAW048TP1008B,TB-U,BB852,4,,
MXIC,TSOP1-48/M2,048TPAW103,AAW048TP1008B,TB-U,BB854,5,,
MXIC,TSOP1-48/M2,048TPAW103,AAW048TP1008B,TB-U,BB855,4,,
MXIC,TSOP1-48/M2,048TPAW103,AAW048TP1008B,TB-U,BB860,4,,
MXIC,TSOP1-48/M2,048TPAW103,AAW048TP1008B,TB-U,BB863,4,,
MXIC,TSOP1-48/M2,048TPAW103,AAW048TP1008B,TB-U,BB864,4,,
MXIC,TSOP1-48/M2,048TPAW103,AAW048TP1008B,TB-U,BB868,4,,
MXIC,TSOP1-48/M2,048TPAW103,AAW048TP1008B,TB-U,BB869,4,,
MXIC,TSOP1-48/M2,048TPAW103,AAW048TP1008B,TB-U,BB871,4,,
MXIC,TSOP1-48/M2,048TPAW103,AAW048TP1008B,TB-U,BB872,4,,
MXIC,TSOP1-48/M2,048TPAW103,AAW048TP1008B,TB-U,BB879,4,,
MXIC,TSOP1-48/M2,048TPAW103,AAW048TP1008B,TB-U,BB883,4,,
MXIC,TSOP1-48/M2,048TPAW103,AAW048TP1008B,TB-U,BB888,4,,
MXIC,TSOP1-48/M2,048TPAW103,AAW048TP1008B,TB-U,BB891,4,,
MXIC,TSOP1-48/M2,048TPAW103,AAW048TP1008B,TB-U,BB901,4,,
MXIC,TSOP1-48/M2,048TPAW103,AAW048TP1008B,TB-U,BB902,4,,
MXIC,TSOP1-48/M2,048TPAW103,AAW048TP1008B,TB-U,BB904,4,,
MXIC,TSOP1-48/M2,048TPAW103,AAW048TP1008B,TB-U,BB909,4,,
MXIC,TSOP1-48/M2,048TPAW103,AAW048TP1008B,TB-U,BB910,4,,
MXIC,TSOP1-48/M2,048TPAW103,AAW048TP1008B,TB-U,BB911,3,,
MXIC,TSOP1-48/M2,048TPAW103,AAW048TP1008B,TB-U,BB912,4,,
MXIC,TSOP1-48/M2,048TPAW103,AAW048TP1008B,TB-U,BB914,5,,
MXIC,TSOP1-48/M2,048TPAW103,AAW048TP1008B,TB-U,BB922,4,,
MXIC,TSOP1-48/M2,048TPAW103,AAW048TP1008B,TB-U,BB924,4,,
MXIC,TSOP1-48/M2,048TPAW103,AAW048TP1008B,TB-U,BB929,4,,
MXIC,TSOP1-48/M2,048TPAW103,AAW048TP1008B,TB-U,BB931,4,,
MXIC,TSOP1-48/M2,048TPAW103,AAW048TP1008B,TB-U,BBJ02,4,,
PHISON,SSBGA153JAU,153XTNV024,ANV153XT3010A,TA-2,BB786,14,,
PHISON,SSBGA153JAU,153XTNV024,ANV153XT3010A,TA-2,BB787,14,,
PHISON,SSBGA153JAU,153XTNV024,ANV153XT3010A,TA-2,BBB15,15,,
PHISON,STBGA169D4V,169XNNV002,ANV169XN6002A,TB-I,BBA03,2,,
PHISON,STBGA169D4V,169XNNV002,ANV169XN6002A,TB-I,BBA06,3,,
PHISON,STBGA169D4V,169XNNV002,ANV169XN6002A,TB-I,BBA15,2,,
PHISON,STBGA169D4V,169XNNV002,ANV169XN6002A,TB-I,BBA28,3,,
PHISON,STBGA169D4V,169XNNV002,ANV169XN6002A,TB-I,BBA31,2,,
PHISON,STBGA169D4V,169XNNV002,ANV169XN6002A,TB-U,BB804,3,,
PHISON,STBGA169D4V,169XNNV002,ANV169XN6002A,TB-U,BB807,3,,
PHISON,STBGA169D4V,169XNNV002,ANV169XN6002A,TB-U,BB810,3,,
PHISON,STBGA169D4V,169XNNV002,ANV169XN6002A,TB-U,BB813,3,,
PHISON,STBGA169D4V,169XNNV002,ANV169XN6002A,TB-U,BB815,4,,
PHISON,STBGA169D4V,169XNNV002,ANV169XN6002A,TB-U,BB822,3,,
PHISON,STBGA169D4V,169XNNV002,ANV169XN6002A,TB-U,BB833,2,,
PHISON,STBGA169D4V,169XNNV002,ANV169XN6002A,TB-U,BB839,3,,
PHISON,STBGA169D4V,169XNNV002,ANV169XN6002A,TB-U,BB843,3,,
PHISON,STBGA169D4V,169XNNV002,ANV169XN6002A,TB-U,BB846,3,,
PHISON,STBGA169D4V,169XNNV002,ANV169XN6002A,TB-U,BB850,3,,
PHISON,STBGA169D4V,169XNNV002,ANV169XN6002A,TB-U,BB861,3,,
PHISON,STBGA169D4V,169XNNV002,ANV169XN6002A,TB-U,BB862,3,,
PHISON,STBGA169D4V,169XNNV002,ANV169XN6002A,TB-U,BB865,2,,
PHISON,STBGA169D4V,169XNNV002,ANV169XN6002A,TB-U,BB874,3,,
PHISON,STBGA169D4V,169XNNV002,ANV169XN6002A,TB-U,BB875,3,,
PHISON,STBGA169D4V,169XNNV002,ANV169XN6002A,TB-U,BB877,3,,
PHISON,STBGA169D4V,169XNNV002,ANV169XN6002A,TB-U,BB884,3,,
PHISON,STBGA169D4V,169XNNV002,ANV169XN6002A,TB-U,BB885,4,,
PHISON,STBGA169D4V,169XNNV002,ANV169XN6002A,TB-U,BB886,3,,
PHISON,STBGA169D4V,169XNNV002,ANV169XN6002A,TB-U,BB889,2,,
PHISON,STBGA169D4V,169XNNV002,ANV169XN6002A,TB-U,BB894,2,,
PHISON,STBGA169D4V,169XNNV002,ANV169XN6002A,TB-U,BB897,3,,
PHISON,STBGA169D4V,169XNNV002,ANV169XN6002A,TB-U,BB898,3,,
PHISON,STBGA169D4V,169XNNV002,ANV169XN6002A,TB-U,BB907,3,,
PHISON,STBGA169D4V,169XNNV002,ANV169XN6002A,TB-U,BB915,3,,
PHISON,STBGA169D4V,169XNNV002,ANV169XN6002A,TB-U,BB919,3,,
SCS,STBGA200DDP,200KXUL001,AUL200KX1001A,TA-2,BB772,1,,
SCS,STBGA200DDP,200KXUL001,AUL200KX1001A,TA-2,BB775,1,,
SCS,STBGA200DDP,200KXUL001,AUL200KX1001A,TA-2,BBB33,1,,
WINBOND,DFN-08Y62D,008Y6AB024,AAB008Y62010A,TB-I,BBA01,5,,
WINBOND,DFN-08Y62D,008Y6AB024,AAB008Y62010A,TB-I,BBA04,4,,
WINBOND,DFN-08Y62D,008Y6AB024,AAB008Y62010A,TB-I,BBA12,4,,
WINBOND,DFN-08Y62D,008Y6AB024,AAB008Y62010A,TB-I,BBA23,4,,
WINBOND,DFN-08Y62D,008Y6AB024,AAB008Y62010A,TB-I,BBA26,4,,
WINBOND,DFN-08Y62D,008Y6AB024,AAB008Y62010A,TB-I,BBA30,4,,
WINBOND,DFN-08Y62D,008Y6AB024,AAB008Y62010A,TB-U,BB866,3,,
WINBOND,DFN-08Y62D,008Y6AB024,AAB008Y62010A,TB-U,BB893,3,,
WINBOND,DFN-08Y62D,008Y6AB028,AAB008Y62014A,TB-P,BBD04,1,,
WINBOND,DFN-08Y62D,008Y6AB028,AAB008Y62014A,TB-P,BBD24,2,,
WINBOND,DFN-08Y62D,008Y6AB028,AAB008Y62014A,TB-R,BBR31,6,,
WINBOND,DFN-08Y62D,008Y6AB028,AAB008Y62014A,TB-R,BBR36,4,,
WINBOND,DFN-08YB2G,008YBAB019,AAB008YB2008A,TB-P,BBD02,2,,
WINBOND,DFN-08YB2G,008YBAB019,AAB008YB2008A,TB-P,BBL21,1,,
WINBOND,DFN-08YD2A,008YDAB014,AAB008YD2003A,TB-R,BBR05,7,,
WINBOND,DFN-08YD2A,008YDAB014,AAB008YD2003A,TB-R,BBR33,8,,
WINBOND,DFN-08YD2A,008YDAB014,AAB008YD2003A,TB-U,BB803,6,,
WINBOND,DFN-08YD2A,008YDAB014,AAB008YD2003A,TB-U,BB809,6,,
WINBOND,DFN-08YD2A,008YDAB014,AAB008YD2003A,TB-U,BB812,6,,
WINBOND,DFN-08YD2A,008YDAB014,AAB008YD2003A,TB-U,BB817,5,,
WINBOND,DFN-08YD2A,008YDAB014,AAB008YD2003A,TB-U,BB821,6,,
WINBOND,DFN-08YD2A,008YDAB014,AAB008YD2003A,TB-U,BB838,7,,
WINBOND,DFN-08YD2A,008YDAB014,AAB008YD2003A,TB-U,BB849,5,,
WINBOND,DFN-08YD2A,008YDAB014,AAB008YD2003A,TB-U,BB867,5,,
WINBOND,DFN-08YD2A,008YDAB014,AAB008YD2003A,TB-U,BB880,5,,
WINBOND,DFN-08YD2A,008YDAB014,AAB008YD2003A,TB-U,BB881,5,,
WINBOND,DFN-08YD2A,008YDAB014,AAB008YD2003A,TB-U,BB930,6,,
WINBOND,DFN-08YD2A,008YDAB014,AAB008YD2003A,TB-U,BB932,6,,
WINBOND,DFN-08YD2A,008YDAB014,AAB008YD2003A,TB-U,BB933,5,,
WINBOND,DFN-08YM2D,008YMAB047,AAB008YM2025A,TB-P,BBD11,1,,
WINBOND,DFN-08YM2D,008YMAB047,AAB008YM2025A,TB-P,BBD43,4,,
WINBOND,DFN-08YM2D,008YMAB047,AAB008YM2025A,TB-P,BBD53,2,,
WINBOND,DFN-08YM2D,008YMAB047,AAB008YM2025A,TB-P,BBD59,2,,
WINBOND,DFN-08YM2D,008YMAB047,AAB008YM2025A,TB-P,BBL01,3,,
WINBOND,DFN-08YM2D,008YMAB047,AAB008YM2025A,TB-P,BBL18,3,,
WINBOND,DFN-08YM2D,008YMAB047,AAB008YM2025A,TB-U,BB805,1,,
WINBOND,DFN-08YM2D,008YMAB047,AAB008YM2025A,TB-U,BB858,2,,
WINBOND,DFN-08YM2D,008YMAB047,AAB008YM2025A,TB-U,BB921,2,,
WINBOND,DFN-08YM2D,008YMAB047,AAB008YM2025A,TB-U,BB925,3,,
WINBOND,DFN-08YM2D,008YMAB048,AAB008YM2023A,TB-IP,BBS08,2,,
WINBOND,DFN-08YM2D,008YMAB048,AAB008YM2023A,TB-P,BBD11,2,,
WINBOND,DFN-08YM2D,008YMAB048,AAB008YM2023A,TB-P,BBD53,2,,
WINBOND,DFN-08YM2D,008YMAB048,AAB008YM2023A,TB-P,BBD59,2,,
WINBOND,DFN-08YM2D,008YMAB048,AAB008YM2023A,TB-P,BBL01,1,,
WINBOND,DFN-08YM2D,008YMAB048,AAB008YM2023A,TB-U,BB805,2,,
WINBOND,DFN-08YM2D,008YMAB048,AAB008YM2023A,TB-U,BB858,1,,
WINBOND,DFN-08YM2D,008YMAB048,AAB008YM2023A,TB-U,BB921,1,,
WINBOND,DFN-08YM2D,008YMAB062,AAB008YM2023A,TB-P,BBD03,1,,
WINBOND,DFN-08YM2D,008YMAB062,AAB008YM2023A,TB-P,BBD52,1,,
WINBOND,DFN-08YM2D,008YMAB062,AAB008YM2023A,TB-R,BBR08,1,,
WINBOND,DFN-08YM2D,008YMAB062,AAB008YM2023A,TB-R,BBR35,1,,
WINBOND,DFN-08YM2D,008YMAB062,AAB008YM2023A,TB-R,BBR37,1,,
WINBOND,DFN-08YM2D,008YMAB062,AAB008YM2023A,TB-U,BB835,1,,
WINBOND,DFN-08YM2D,008YMAB062,AAB008YM2023A,TB-U,BB836,2,,
WINBOND,DFN-08YM2D,008YMAB062,AAB008YM2023A,TB-U,BB837,1,,
WINBOND,DFN-08YM2D,008YMAB062,AAB008YM2023A,TB-U,BB848,1,,
WINBOND,DFN-08YM2D,008YMAB062,AAB008YM2023A,TB-U,BB859,1,,
WINBOND,DFN-08YM2D,008YMAB062,AAB008YM2023A,TB-U,BB873,1,,
WINBOND,DFN-08YM2D,008YMAB062,AAB008YM2023A,TB-U,BB876,1,,
WINBOND,DFN-08YM2D,008YMAB062,AAB008YM2023A,TB-U,BB900,1,,
WINBOND,DFN-08YM2D,008YMAB062,AAB008YM2023A,TB-U,BB906,1,,
WINBOND,DFN-08YM2D,008YMAB062,AAB008YM2023A,TB-U,BB918,3,,
WINBOND,DFN-08YM2D,008YMAB062,AAB008YM2023A,TB-U,BB920,1,,
WINBOND,FBGA-84UC2H,084UCAB028,AAB084CC9002A,TB-5P,BBC07,5,,
WINBOND,FBGA-84UC2H,084UCAB028,AAB084CC9002A,TB-5P,BBC38,6,,
WINBOND,FBGA60UEM2-1,060EMAB004,AAB060EM2001A,TA-2,BBB09,1,,
WINBOND,FBGA96UEF3-2,096EFAB009,AAB096EF3001A,TA,BB445,1,,
WINBOND,FBGA96UEF3-2,096EFAB009,AAB096EF3001A,TA,BB522,2,,
WINBOND,FBGA96UEF3-2,096EFAB009,AAB096EF3001A,TA,BB527,1,,
WINBOND,FBGA96UEL(2),096ELAB015,AAB096EL1002A,TA,BB476,4,,
WINBOND,FBGA96UEL(2),096ELAB015,AAB096EL1002A,TA,BB479,4,,
WINBOND,FBGA96UEL(2),096ELAB015,AAB096EL1002A,TA,BB505,5,,
WINBOND,FBGA96UEL(2),096ELAB015,AAB096EL1002A,TA,BB545,5,,
WINBOND,FBGA96UEL(2),096ELAB016,AAB096EL1003A,TA,BB441,1,,
WINBOND,FBGA96UEL(2),096ELAB016,AAB096EL1003A,TA,BB463,1,,
WINBOND,FBGA96UEL(2),096ELAB016,AAB096EL1003A,TA,BB467,1,,
WINBOND,FBGA96UEL(2),096ELAB016,AAB096EL1003A,TA,BB502,1,,
WINBOND,FBGA96UEL(2),096ELAB016,AAB096EL1003A,TA,BB507,1,,
WINBOND,FBGA96UEL(2),096ELAB016,AAB096EL1003A,TA,BB511,1,,
WINBOND,FBGA96UEL(2),096ELAB016,AAB096EL1003A,TA,BB512,1,,
WINBOND,FBGA96UEL(2),096ELAB016,AAB096EL1003A,TA,BB524,1,,
WINBOND,FBGA96UEL(2),096ELAB016,AAB096EL1003A,TA,BB533,1,,
WINBOND,FBGA96UEL(2),096ELAB016,AAB096EL1003A,TA,BB543,1,,
WINBOND,FBGA96UEL(2),096ELAB016,AAB096EL1003A,TA,BB553,1,,
WINBOND,FBGA96UEL(2),096ELAB016,AAB096EL1003A,TA,BB605,1,,
WINBOND,FBGA96UEL(2),096ELAB016,AAB096EL1003A,TA,BB609,1,,
WINBOND,MBGA24J3U,024MAAB086,AAB024MAA008A,TA,BB509,1,,
WINBOND,MBGA24J3U,024MAAB086,AAB024MAA008A,TA,BB515,1,,
WINBOND,MBGA24J3U,024MAAB086,AAB024MAA008A,TA,BB521,1,,
WINBOND,MBGA24J3U,024MAAB086,AAB024MAA008A,TA,BB589,1,,
WINBOND,MBGA24J3U,024MAAB086,AAB024MAA008A,TA,BB610,1,,
WINBOND,MBGA24J3U,024MAAB086,AAB024MAA008A,TA,BB613,1,,
WINBOND,MBGA24J3U,024MAAB086,AAB024MAA008A,TA,BB619,1,,
WINBOND,STBGA162B4U,162KEAB004,AAB162KE1002A,TA,BB452,1,,
WINBOND,STBGA162B4U,162KEAB004,AAB162KE1002A,TA,BB466,1,,
WINBOND,STBGA162B4U,162KEAB004,AAB162KE1002A,TA,BB469,2,,
WINBOND,STBGA162B4U,162KEAB004,AAB162KE1002A,TA,BB483,1,,
WINBOND,STBGA162B4U,162KEAB004,AAB162KE1002A,TA,BB498,1,,
WINBOND,STBGA162B4U,162KEAB004,AAB162KE1002A,TA,BB519,2,,
WINBOND,STBGA162B4U,162KEAB004,AAB162KE1002A,TA,BB538,2,,
WINBOND,STBGA162B4U,162KEAB004,AAB162KE1002A,TA,BB548,2,,
WINBOND,STBGA162B4U,162KEAB004,AAB162KE1002A,TA,BB555,1,,
WINBOND,STBGA162B4U,162KEAB004,AAB162KE1002A,TA,BB563,2,,
WINBOND,STBGA162B4U,162KEAB004,AAB162KE1002A,TA,BB568,1,,
WINBOND,STBGA162B4U,162KEAB004,AAB162KE1002A,TA,BB573,2,,
WINBOND,STBGA162B4U,162KEAB004,AAB162KE1002A,TA,BB584,1,,
WINBOND,STBGA162B4U,162KEAB004,AAB162KE1002A,TA,BB590,2,,
WINBOND,STBGA162B4U,162KEAB004,AAB162KE1002A,TA,BB593,2,,
WINBOND,STBGA162B4U,162KEAB004,AAB162KE1002A,TA,BB606,3,,
WINBOND,STBGA162B4U,162KEAB004,AAB162KE1002A,TA,BB614,2,,
WINBOND,STBGA162B4U,162KEAB011,AAB162KE1006A,TA-2,BB725,1,,
WINBOND,STBGA162B4U,162KEAB011,AAB162KE1006A,TA-2,BB786,2,,
WINBOND,STBGA162B4U,162KEAB011,AAB162KE1006A,TA-2,BBB15,1,,
WINBOND,STDFN-08YQ2A,008YQAB085,AAB008YQ2034A,TB-R,BBR03,1,,
WINBOND,STDFN-08YQ2A,008YQAB085,AAB008YQ2034A,TB-R,BBR26,3,,
WINBOND,STDFN-08YQ2A,008YQAB085,AAB008YQ2034A,TB-R,BBR39,2,,
WINBOND,STDFN-08YQ2A,008YQAB085,AAB008YQ2034A,TB-R,BBR45,4,,
WINBOND,STDFN-08YQ2A,008YQAB085,AAB008YQ2034A,TB-U,BB818,1,,
WINBOND,STDFN-08YQ2A,008YQAB085,AAB008YQ2034A,TB-U,BB853,1,,
WINBOND,STDFN-08YQ2A,008YQAB085,AAB008YQ2034A,TB-U,BB856,2,,
WINBOND,STDFN-08YQ2A,008YQAB085,AAB008YQ2034A,TB-U,BB878,2,,
WINBOND,STDFN-08YQ2A,008YQAB085,AAB008YQ2034A,TB-U,BB899,1,,
WINBOND,STDFN-08YQ2A,008YQAB085,AAB008YQ2034A,TB-U,BB917,2,,
WINBOND,STDFN-08YQ2A,008YQAB090,AAB008YQ2039B,TB-R,BBR03,3,,
WINBOND,STDFN-08YQ2A,008YQAB090,AAB008YQ2039B,TB-R,BBR26,1,,
WINBOND,STDFN-08YQ2A,008YQAB090,AAB008YQ2039B,TB-R,BBR39,2,,
WINBOND,STDFN-08YQ2A,008YQAB090,AAB008YQ2039B,TB-R,BBR45,1,,
WINBOND,STDFN-08YQ2A,008YQAB090,AAB008YQ2039B,TB-U,BB818,3,,
WINBOND,STDFN-08YQ2A,008YQAB090,AAB008YQ2039B,TB-U,BB853,3,,
WINBOND,STDFN-08YQ2A,008YQAB090,AAB008YQ2039B,TB-U,BB856,1,,
WINBOND,STDFN-08YQ2A,008YQAB090,AAB008YQ2039B,TB-U,BB870,4,,
WINBOND,STDFN-08YQ2A,008YQAB090,AAB008YQ2039B,TB-U,BB878,1,,
WINBOND,STDFN-08YQ2A,008YQAB090,AAB008YQ2039B,TB-U,BB882,4,,
WINBOND,STDFN-08YQ2A,008YQAB090,AAB008YQ2039B,TB-U,BB899,3,,
WINBOND,STDFN-08YQ2A,008YQAB090,AAB008YQ2039B,TB-U,BB917,3,,
WINBOND,TSOP1-48AM,048TWAB012,AAB048TW2006A,TA,BB444,4,,
WINBOND,TSOP1-48AM,048TWAB012,AAB048TW2006A,TA,BB457,4,,
WINBOND,TSOP1-48AM,048TWAB012,AAB048TW2006A,TA,BB486,3,,
WINBOND,TSOP1-48AM,048TWAB012,AAB048TW2006A,TA,BB489,4,,
WINBOND,TSOP1-48AM,048TWAB012,AAB048TW2006A,TA,BB499,3,,
WINBOND,TSOP1-48AM,048TWAB012,AAB048TW2006A,TA,BB500,4,,
WINBOND,TSOP1-48AM,048TWAB012,AAB048TW2006A,TA,BB504,3,,
WINBOND,TSOP1-48AM,048TWAB012,AAB048TW2006A,TA,BB508,4,,
WINBOND,TSOP1-48AM,048TWAB012,AAB048TW2006A,TA,BB516,4,,
WINBOND,TSOP1-48AM,048TWAB012,AAB048TW2006A,TA,BB525,4,,
WINBOND,TSOP1-48AM,048TWAB012,AAB048TW2006A,TA,BB539,4,,
WINBOND,TSOP1-48AM,048TWAB012,AAB048TW2006A,TA,BB551,3,,
WINBOND,TSOP1-48AM,048TWAB012,AAB048TW2006A,TA,BB557,4,,
WINBOND,TSOP1-48AM,048TWAB012,AAB048TW2006A,TA,BB564,4,,
WINBOND,TSOP1-48AM,048TWAB012,AAB048TW2006A,TA,BB579,3,,
WINBOND,TSOP1-48AM,048TWAB012,AAB048TW2006A,TA,BB607,4,,
WINBOND,TSOP1-48AM,048TWAB012,AAB048TW2006A,TA,BB618,4,,
WINBOND,TSOP1-48AM,048TWAB012,AAB048TW2006A,TA-2,BB704,4,,
WINBOND,TSOP1-48AM,048TWAB012,AAB048TW2006A,TA-2,BB706,3,,
WINBOND,TSOP1-48AM,048TWAB012,AAB048TW2006A,TA-2,BB707,3,,
WINBOND,TSOP1-48AM,048TWAB012,AAB048TW2006A,TA-2,BB717,4,,
WINBOND,TSOP1-48AM,048TWAB012,AAB048TW2006A,TA-2,BB728,4,,
WINBOND,TSOP1-48AM,048TWAB012,AAB048TW2006A,TA-2,BB789,5,,
WINBOND,TSOP1-48AM,048TWAB012,AAB048TW2006A,TA-2,BBB06,4,,
WINBOND,TSOP1-48AM,048TWAB012,AAB048TW2006A,TA-2,BBB35,4,,
WINBOND,TSOP1-48AM2,048TWAB019,AAB048TW2009A,TA-2,BB706,1,,
WINBOND,TSOP1-48AM2,048TWAB019,AAB048TW2009A,TA-2,BB707,2,,
WINBOND,TSOP1-48AM2,048TWAB019,AAB048TW2009A,TA-2,BB719,1,,
WINBOND,TSOP2-54ME,054TNAB036,AAB054TN1005A,TA,BB449,2,,
WINBOND,TSOP2-54ME,054TNAB036,AAB054TN1005A,TA,BB451,2,,
WINBOND,TSOP2-54ME,054TNAB036,AAB054TN1005A,TA,BB460,1,,
WINBOND,TSOP2-54ME,054TNAB036,AAB054TN1005A,TA,BB574,1,,
WINBOND,TSOP2-54ME,054TNAB036,AAB054TN1005A,TA,BB615,1,,
WINBOND,TSOP2-54ME,054TNAB037,AAB054TN1004A,TA,BB447,4,,
WINBOND,TSOP2-54ME,054TNAB037,AAB054TN1004A,TA,BB540,4,,
WINBOND,TSOP2-54ME,054TNAB037,AAB054TN1004A,TA-2,BB716,4,,
WINBOND,TSOP2-54ME,054TNAB037,AAB054TN1004A,TA-2,BB724,4,,
WINBOND,TSOP2-54ME,054TNAB037,AAB054TN1004A,TA-2,BB770,4,,
WINBOND,TSOP2-54ME,054TNAB037,AAB054TN1004A,TA-2,BB782,5,,
WINBOND,TSOP2-54ME,054TNAB037,AAB054TN1004A,TA-2,BBB02,3,,
WINBOND,TSOP2-54ME,054TNAB037,AAB054TN1004A,TA-2,BBB17,4,,
WINBOND,TSOP2-54ME,054TNAB037,AAB054TN1004A,TA-2,BBB18,4,,
WINBOND,TSOP2-54ME,054TNAB037,AAB054TN1004A,TA-2,BBB31,4,,
WINBOND,TSOP2-54ME,054TNAB041,AAB054TN1005A,TA,BB449,3,,
WINBOND,TSOP2-54ME,054TNAB041,AAB054TN1005A,TA,BB451,2,,
WINBOND,TSOP2-54ME,054TNAB041,AAB054TN1005A,TA,BB460,3,,
WINBOND,TSOP2-54ME,054TNAB041,AAB054TN1005A,TA,BB484,4,,
WINBOND,TSOP2-54ME,054TNAB041,AAB054TN1005A,TA,BB574,3,,
WINBOND,TSOP2-54ME,054TNAB041,AAB054TN1005A,TA,BB615,2,,
WINBOND,TSOP2-66ME,066TNAB040,AAB066TN1004A,TB-U,BB832,1,,
WINBOND,TSOP2-66ME,066TNAB040,AAB066TN1004A,TB-U,BB867,1,,
WINBOND,TSOP2-66ME,066TNAB040,AAB066TN1004A,TB-U,BB881,1,,
WINBOND,VFBGA60B4L,060NRAB001,AB060NR1001A,TA,BB506,1,,
WINBOND,VFBGA60B4L,060NRAB001,AB060NR1001A,TA,BB559,2,,
WINBOND,VFBGA60B4L,060NRAB001,AB060NR1001A,TA,BB569,2,,
WINBOND,VFBGA60B4L,060NRAB001,AB060NR1001A,TA,BB621,1,,
WINBOND,VFBGA60B4L,060NRAB001,AB060NR1001A,TA-3,BB212,2,,
WINBOND,VFBGA60B4L,060NRAB001,AB060NR1001A,TA-3,BB218,2,,
WINBOND,VFBGA60B4L,060NRAB001,AB060NR1001A,TA-3,BB225,2,,
WINBOND,VFBGA60B4L,060NRAB001,AB060NR1001A,TA-3,BB229,2,,
WINBOND,VFBGA60B4L,060NRAB005,AAB060NR1004B,TA,BB542,1,,
WINBOND,VFBGA60B4L,060NRAB005,AAB060NR1004B,TA-2,BB773,1,,
WINBOND,VFBGA90B4L,090NCAB019,AAB090NC4006A,TA,BB595,1,,
ZJP,FBGA-96UEF,096EFYZ001,AYZ096EF2001A,TA,BB443,1,,
ZJP,FBGA-96UEF,096EFYZ001,AYZ096EF2001A,TA,BB458,2,,
ZJP,FBGA-96UEF,096EFYZ001,AYZ096EF2001A,TA,BB475,1,,
ZJP,FBGA-96UEF,096EFYZ001,AYZ096EF2001A,TA,BB480,2,,
ZJP,FBGA-96UEF,096EFYZ001,AYZ096EF2001A,TA,BB531,2,,
ZJP,FBGA-96UEF,096EFYZ001,AYZ096EF2001A,TA,BB544,1,,
ZJP,FBGA-96UEF,096EFYZ001,AYZ096EF2001A,TA,BB554,3,,
ZJP,FBGA-96UEF,096EFYZ001,AYZ096EF2001A,TA,BB558,2,,
ZJP,FBGA-96UEF,096EFYZ001,AYZ096EF2001A,TA,BB562,1,,
ZJP,FBGA-96UEF,096EFYZ001,AYZ096EF2001A,TA,BB580,2,,
ZJP,FBGA-96UEF,096EFYZ001,AYZ096EF2001A,TA,BB586,1,,
,,,,,,,,
,,,,,,,,
,,,,,,,,
,,,,,,2582,,
